"Program","Year","Period","Week Ending","Geo Level","State","State ANSI","Ag District","Ag District Code","County","County ANSI","Zip Code","Region","watershed_code","Watershed","Commodity","Domain","Domain Category","KIWIFRUIT, BEARING - APPLICATIONS, MEASURED IN LB  -  <b>VALUE</b>","KIWIFRUIT, BEARING - APPLICATIONS, MEASURED IN LB  -  <b>CV (%)</b>","KIWIFRUIT, BEARING - APPLICATIONS, MEASURED IN LB / ACRE / APPLICATION, AVG  -  <b>VALUE</b>","KIWIFRUIT, BEARING - APPLICATIONS, MEASURED IN LB / ACRE / APPLICATION, AVG  -  <b>CV (%)</b>","KIWIFRUIT, BEARING - APPLICATIONS, MEASURED IN LB / ACRE / YEAR, AVG  -  <b>VALUE</b>","KIWIFRUIT, BEARING - APPLICATIONS, MEASURED IN LB / ACRE / YEAR, AVG  -  <b>CV (%)</b>","KIWIFRUIT, BEARING - APPLICATIONS, MEASURED IN NUMBER, AVG  -  <b>VALUE</b>","KIWIFRUIT, BEARING - APPLICATIONS, MEASURED IN NUMBER, AVG  -  <b>CV (%)</b>","KIWIFRUIT, BEARING - TREATED, MEASURED IN PCT OF AREA BEARING, AVG  -  <b>VALUE</b>","KIWIFRUIT, BEARING - TREATED, MEASURED IN PCT OF AREA BEARING, AVG  -  <b>CV (%)</b>"
"SURVEY","2019","YEAR","","REGION : MULTI-STATE","","","","","","","","PROGRAM STATES","00000000","","KIWIFRUIT","CHEMICAL, FUNGICIDE","CHEMICAL, FUNGICIDE: (BACILLUS AMYLOLIQUEFACIENS STRAIN D747 = 16482)"," (NA)",""," (NA)",""," (NA)",""," (D)",""," (D)",""
"SURVEY","2019","YEAR","","REGION : MULTI-STATE","","","","","","","","PROGRAM STATES","00000000","","KIWIFRUIT","CHEMICAL, FUNGICIDE","CHEMICAL, FUNGICIDE: (COPPER HYDROXIDE = 23401)"," (D)",""," (D)",""," (D)",""," (D)",""," (D)",""
"SURVEY","2019","YEAR","","REGION : MULTI-STATE","","","","","","","","PROGRAM STATES","00000000","","KIWIFRUIT","CHEMICAL, FUNGICIDE","CHEMICAL, FUNGICIDE: (CYPRODINIL = 288202)"," (D)",""," (D)",""," (D)",""," (D)",""," (D)",""
"SURVEY","2019","YEAR","","REGION : MULTI-STATE","","","","","","","","PROGRAM STATES","00000000","","KIWIFRUIT","CHEMICAL, FUNGICIDE","CHEMICAL, FUNGICIDE: (MEFENOXAM = 113502)"," (D)",""," (D)",""," (D)",""," (D)",""," (D)",""
"SURVEY","2019","YEAR","","REGION : MULTI-STATE","","","","","","","","PROGRAM STATES","00000000","","KIWIFRUIT","CHEMICAL, FUNGICIDE","CHEMICAL, FUNGICIDE: (TOTAL)","1,300","","","","","","","","36",""
"SURVEY","2019","YEAR","","REGION : MULTI-STATE","","","","","","","","PROGRAM STATES","00000000","","KIWIFRUIT","CHEMICAL, HERBICIDE","CHEMICAL, HERBICIDE: (GLUFOSINATE-AMMONIUM = 128850)"," (D)",""," (D)",""," (D)",""," (D)",""," (D)",""
"SURVEY","2019","YEAR","","REGION : MULTI-STATE","","","","","","","","PROGRAM STATES","00000000","","KIWIFRUIT","CHEMICAL, HERBICIDE","CHEMICAL, HERBICIDE: (GLYPHOSATE ISO. SALT = 103601)","100","","0.393","","0.469","","1.2","","6",""
"SURVEY","2019","YEAR","","REGION : MULTI-STATE","","","","","","","","PROGRAM STATES","00000000","","KIWIFRUIT","CHEMICAL, HERBICIDE","CHEMICAL, HERBICIDE: (GLYPHOSATE POT. SALT = 103613)","4,200","","2.003","","7.96","","4","","13",""
"SURVEY","2019","YEAR","","REGION : MULTI-STATE","","","","","","","","PROGRAM STATES","00000000","","KIWIFRUIT","CHEMICAL, HERBICIDE","CHEMICAL, HERBICIDE: (ORYZALIN = 104201)","10,100","","3.783","","7.187","","1.9","","36",""
"SURVEY","2019","YEAR","","REGION : MULTI-STATE","","","","","","","","PROGRAM STATES","00000000","","KIWIFRUIT","CHEMICAL, HERBICIDE","CHEMICAL, HERBICIDE: (OXYFLUORFEN = 111601)","3,500","","1.382","","2.425","","1.8","","37",""
"SURVEY","2019","YEAR","","REGION : MULTI-STATE","","","","","","","","PROGRAM STATES","00000000","","KIWIFRUIT","CHEMICAL, HERBICIDE","CHEMICAL, HERBICIDE: (PARAQUAT = 61601)","300","","1.01","","1.978","","2","","4",""
"SURVEY","2019","YEAR","","REGION : MULTI-STATE","","","","","","","","PROGRAM STATES","00000000","","KIWIFRUIT","CHEMICAL, HERBICIDE","CHEMICAL, HERBICIDE: (PYRAFLUFEN-ETHYL = 30090)"," (D)",""," (D)",""," (D)",""," (D)",""," (D)",""
"SURVEY","2019","YEAR","","REGION : MULTI-STATE","","","","","","","","PROGRAM STATES","00000000","","KIWIFRUIT","CHEMICAL, HERBICIDE","CHEMICAL, HERBICIDE: (SAFLUFENACIL = 118203)"," (D)",""," (D)",""," (D)",""," (D)",""," (D)",""
"SURVEY","2019","YEAR","","REGION : MULTI-STATE","","","","","","","","PROGRAM STATES","00000000","","KIWIFRUIT","CHEMICAL, HERBICIDE","CHEMICAL, HERBICIDE: (TOTAL)","18,300","","","","","","","","53",""
"SURVEY","2019","YEAR","","REGION : MULTI-STATE","","","","","","","","PROGRAM STATES","00000000","","KIWIFRUIT","CHEMICAL, INSECTICIDE","CHEMICAL, INSECTICIDE: (BT KURSTAKI ABTS-351 = 6522)"," (NA)",""," (NA)",""," (NA)",""," (D)",""," (D)",""
"SURVEY","2019","YEAR","","REGION : MULTI-STATE","","","","","","","","PROGRAM STATES","00000000","","KIWIFRUIT","CHEMICAL, INSECTICIDE","CHEMICAL, INSECTICIDE: (CHLORANTRANILIPROLE = 90100)"," (D)",""," (D)",""," (D)",""," (D)",""," (D)",""
"SURVEY","2019","YEAR","","REGION : MULTI-STATE","","","","","","","","PROGRAM STATES","00000000","","KIWIFRUIT","CHEMICAL, INSECTICIDE","CHEMICAL, INSECTICIDE: (CRYOLITE = 75101)"," (D)",""," (D)",""," (D)",""," (D)",""," (D)",""
"SURVEY","2019","YEAR","","REGION : MULTI-STATE","","","","","","","","PROGRAM STATES","00000000","","KIWIFRUIT","CHEMICAL, INSECTICIDE","CHEMICAL, INSECTICIDE: (ESFENVALERATE = 109303)"," (D)",""," (D)",""," (D)",""," (D)",""," (D)",""
"SURVEY","2019","YEAR","","REGION : MULTI-STATE","","","","","","","","PROGRAM STATES","00000000","","KIWIFRUIT","CHEMICAL, INSECTICIDE","CHEMICAL, INSECTICIDE: (PYRIPROXYFEN = 129032)","100","","0.103","","0.121","","1.2","","17",""
"SURVEY","2019","YEAR","","REGION : MULTI-STATE","","","","","","","","PROGRAM STATES","00000000","","KIWIFRUIT","CHEMICAL, INSECTICIDE","CHEMICAL, INSECTICIDE: (TOTAL)","1,500","","","","","","","","24",""
"SURVEY","2019","YEAR","","REGION : MULTI-STATE","","","","","","","","PROGRAM STATES","00000000","","KIWIFRUIT","CHEMICAL, OTHER","CHEMICAL, OTHER: (BT KURSTAKI SA-12 = 6518)"," (NA)",""," (NA)",""," (NA)",""," (D)",""," (D)",""
"SURVEY","2019","YEAR","","REGION : MULTI-STATE","","","","","","","","PROGRAM STATES","00000000","","KIWIFRUIT","CHEMICAL, OTHER","CHEMICAL, OTHER: (CYANAMID = 14002)","80,500","","17.165","","47.061","","2.7","","44",""
"SURVEY","2019","YEAR","","REGION : MULTI-STATE","","","","","","","","PROGRAM STATES","00000000","","KIWIFRUIT","CHEMICAL, OTHER","CHEMICAL, OTHER: (DICHLOROPROPENE = 29001)"," (D)",""," (D)",""," (D)",""," (D)",""," (D)",""
"SURVEY","2019","YEAR","","REGION : MULTI-STATE","","","","","","","","PROGRAM STATES","00000000","","KIWIFRUIT","CHEMICAL, OTHER","CHEMICAL, OTHER: (FORCHLORFENURON = 128819)","1,400","","0.356","","0.829","","2.3","","45",""
"SURVEY","2019","YEAR","","REGION : MULTI-STATE","","","","","","","","PROGRAM STATES","00000000","","KIWIFRUIT","CHEMICAL, OTHER","CHEMICAL, OTHER: (MINERAL OIL = 63502)"," (D)",""," (D)",""," (D)",""," (D)",""," (D)",""
"SURVEY","2019","YEAR","","REGION : MULTI-STATE","","","","","","","","PROGRAM STATES","00000000","","KIWIFRUIT","CHEMICAL, OTHER","CHEMICAL, OTHER: (STRYCHNINE = 76901)"," (D)",""," (D)",""," (D)",""," (D)",""," (D)",""
"SURVEY","2019","YEAR","","REGION : MULTI-STATE","","","","","","","","PROGRAM STATES","00000000","","KIWIFRUIT","CHEMICAL, OTHER","CHEMICAL, OTHER: (TOTAL)","93,100","","","","","","","","53",""
"SURVEY","2019","YEAR","","STATE","CALIFORNIA","06","","","","","","","00000000","","KIWIFRUIT","CHEMICAL, FUNGICIDE","CHEMICAL, FUNGICIDE: (BACILLUS AMYLOLIQUEFACIENS STRAIN D747 = 16482)"," (NA)",""," (NA)",""," (NA)",""," (D)",""," (D)",""
"SURVEY","2019","YEAR","","STATE","CALIFORNIA","06","","","","","","","00000000","","KIWIFRUIT","CHEMICAL, FUNGICIDE","CHEMICAL, FUNGICIDE: (COPPER HYDROXIDE = 23401)"," (D)",""," (D)",""," (D)",""," (D)",""," (D)",""
"SURVEY","2019","YEAR","","STATE","CALIFORNIA","06","","","","","","","00000000","","KIWIFRUIT","CHEMICAL, FUNGICIDE","CHEMICAL, FUNGICIDE: (CYPRODINIL = 288202)"," (D)",""," (D)",""," (D)",""," (D)",""," (D)",""
"SURVEY","2019","YEAR","","STATE","CALIFORNIA","06","","","","","","","00000000","","KIWIFRUIT","CHEMICAL, FUNGICIDE","CHEMICAL, FUNGICIDE: (MEFENOXAM = 113502)"," (D)",""," (D)",""," (D)",""," (D)",""," (D)",""
"SURVEY","2019","YEAR","","STATE","CALIFORNIA","06","","","","","","","00000000","","KIWIFRUIT","CHEMICAL, FUNGICIDE","CHEMICAL, FUNGICIDE: (TOTAL)","1,300","","","","","","","","36",""
"SURVEY","2019","YEAR","","STATE","CALIFORNIA","06","","","","","","","00000000","","KIWIFRUIT","CHEMICAL, HERBICIDE","CHEMICAL, HERBICIDE: (GLUFOSINATE-AMMONIUM = 128850)"," (D)",""," (D)",""," (D)",""," (D)",""," (D)",""
"SURVEY","2019","YEAR","","STATE","CALIFORNIA","06","","","","","","","00000000","","KIWIFRUIT","CHEMICAL, HERBICIDE","CHEMICAL, HERBICIDE: (GLYPHOSATE ISO. SALT = 103601)","100","","0.393","","0.469","","1.2","","6",""
"SURVEY","2019","YEAR","","STATE","CALIFORNIA","06","","","","","","","00000000","","KIWIFRUIT","CHEMICAL, HERBICIDE","CHEMICAL, HERBICIDE: (GLYPHOSATE POT. SALT = 103613)","4,200","","2.003","","7.96","","4","","13",""
"SURVEY","2019","YEAR","","STATE","CALIFORNIA","06","","","","","","","00000000","","KIWIFRUIT","CHEMICAL, HERBICIDE","CHEMICAL, HERBICIDE: (ORYZALIN = 104201)","10,100","","3.783","","7.187","","1.9","","36",""
"SURVEY","2019","YEAR","","STATE","CALIFORNIA","06","","","","","","","00000000","","KIWIFRUIT","CHEMICAL, HERBICIDE","CHEMICAL, HERBICIDE: (OXYFLUORFEN = 111601)","3,500","","1.382","","2.425","","1.8","","37",""
"SURVEY","2019","YEAR","","STATE","CALIFORNIA","06","","","","","","","00000000","","KIWIFRUIT","CHEMICAL, HERBICIDE","CHEMICAL, HERBICIDE: (PARAQUAT = 61601)","300","","1.01","","1.978","","2","","4",""
"SURVEY","2019","YEAR","","STATE","CALIFORNIA","06","","","","","","","00000000","","KIWIFRUIT","CHEMICAL, HERBICIDE","CHEMICAL, HERBICIDE: (PYRAFLUFEN-ETHYL = 30090)"," (D)",""," (D)",""," (D)",""," (D)",""," (D)",""
"SURVEY","2019","YEAR","","STATE","CALIFORNIA","06","","","","","","","00000000","","KIWIFRUIT","CHEMICAL, HERBICIDE","CHEMICAL, HERBICIDE: (SAFLUFENACIL = 118203)"," (D)",""," (D)",""," (D)",""," (D)",""," (D)",""
"SURVEY","2019","YEAR","","STATE","CALIFORNIA","06","","","","","","","00000000","","KIWIFRUIT","CHEMICAL, HERBICIDE","CHEMICAL, HERBICIDE: (TOTAL)","18,300","","","","","","","","53",""
"SURVEY","2019","YEAR","","STATE","CALIFORNIA","06","","","","","","","00000000","","KIWIFRUIT","CHEMICAL, INSECTICIDE","CHEMICAL, INSECTICIDE: (BT KURSTAKI ABTS-351 = 6522)"," (NA)",""," (NA)",""," (NA)",""," (D)",""," (D)",""
"SURVEY","2019","YEAR","","STATE","CALIFORNIA","06","","","","","","","00000000","","KIWIFRUIT","CHEMICAL, INSECTICIDE","CHEMICAL, INSECTICIDE: (CHLORANTRANILIPROLE = 90100)"," (D)",""," (D)",""," (D)",""," (D)",""," (D)",""
"SURVEY","2019","YEAR","","STATE","CALIFORNIA","06","","","","","","","00000000","","KIWIFRUIT","CHEMICAL, INSECTICIDE","CHEMICAL, INSECTICIDE: (CRYOLITE = 75101)"," (D)",""," (D)",""," (D)",""," (D)",""," (D)",""
"SURVEY","2019","YEAR","","STATE","CALIFORNIA","06","","","","","","","00000000","","KIWIFRUIT","CHEMICAL, INSECTICIDE","CHEMICAL, INSECTICIDE: (ESFENVALERATE = 109303)"," (D)",""," (D)",""," (D)",""," (D)",""," (D)",""
"SURVEY","2019","YEAR","","STATE","CALIFORNIA","06","","","","","","","00000000","","KIWIFRUIT","CHEMICAL, INSECTICIDE","CHEMICAL, INSECTICIDE: (PYRIPROXYFEN = 129032)","100","","0.103","","0.121","","1.2","","17",""
"SURVEY","2019","YEAR","","STATE","CALIFORNIA","06","","","","","","","00000000","","KIWIFRUIT","CHEMICAL, INSECTICIDE","CHEMICAL, INSECTICIDE: (TOTAL)","1,500","","","","","","","","24",""
"SURVEY","2019","YEAR","","STATE","CALIFORNIA","06","","","","","","","00000000","","KIWIFRUIT","CHEMICAL, OTHER","CHEMICAL, OTHER: (BT KURSTAKI SA-12 = 6518)"," (NA)",""," (NA)",""," (NA)",""," (D)",""," (D)",""
"SURVEY","2019","YEAR","","STATE","CALIFORNIA","06","","","","","","","00000000","","KIWIFRUIT","CHEMICAL, OTHER","CHEMICAL, OTHER: (CYANAMID = 14002)","80,500","","17.165","","47.061","","2.7","","44",""
"SURVEY","2019","YEAR","","STATE","CALIFORNIA","06","","","","","","","00000000","","KIWIFRUIT","CHEMICAL, OTHER","CHEMICAL, OTHER: (DICHLOROPROPENE = 29001)"," (D)",""," (D)",""," (D)",""," (D)",""," (D)",""
"SURVEY","2019","YEAR","","STATE","CALIFORNIA","06","","","","","","","00000000","","KIWIFRUIT","CHEMICAL, OTHER","CHEMICAL, OTHER: (FORCHLORFENURON = 128819)","1,400","","0.356","","0.829","","2.3","","45",""
"SURVEY","2019","YEAR","","STATE","CALIFORNIA","06","","","","","","","00000000","","KIWIFRUIT","CHEMICAL, OTHER","CHEMICAL, OTHER: (MINERAL OIL = 63502)"," (D)",""," (D)",""," (D)",""," (D)",""," (D)",""
"SURVEY","2019","YEAR","","STATE","CALIFORNIA","06","","","","","","","00000000","","KIWIFRUIT","CHEMICAL, OTHER","CHEMICAL, OTHER: (STRYCHNINE = 76901)"," (D)",""," (D)",""," (D)",""," (D)",""," (D)",""
"SURVEY","2019","YEAR","","STATE","CALIFORNIA","06","","","","","","","00000000","","KIWIFRUIT","CHEMICAL, OTHER","CHEMICAL, OTHER: (TOTAL)","93,100","","","","","","","","53",""
"SURVEY","2017","YEAR","","REGION : MULTI-STATE","","","","","","","","PROGRAM STATES","00000000","","KIWIFRUIT","CHEMICAL, FUNGICIDE","CHEMICAL, FUNGICIDE: (COPPER HYDROXIDE = 23401)"," (D)",""," (D)",""," (D)",""," (D)",""," (D)",""
"SURVEY","2017","YEAR","","REGION : MULTI-STATE","","","","","","","","PROGRAM STATES","00000000","","KIWIFRUIT","CHEMICAL, FUNGICIDE","CHEMICAL, FUNGICIDE: (CYPRODINIL = 288202)"," (D)",""," (D)",""," (D)",""," (D)",""," (D)",""
"SURVEY","2017","YEAR","","REGION : MULTI-STATE","","","","","","","","PROGRAM STATES","00000000","","KIWIFRUIT","CHEMICAL, FUNGICIDE","CHEMICAL, FUNGICIDE: (MEFENOXAM = 113502)"," (D)",""," (D)",""," (D)",""," (D)",""," (D)",""
"SURVEY","2017","YEAR","","REGION : MULTI-STATE","","","","","","","","PROGRAM STATES","00000000","","KIWIFRUIT","CHEMICAL, FUNGICIDE","CHEMICAL, FUNGICIDE: (MONO-POTASSIUM SALT = 76416)"," (D)",""," (D)",""," (D)",""," (D)",""," (D)",""
"SURVEY","2017","YEAR","","REGION : MULTI-STATE","","","","","","","","PROGRAM STATES","00000000","","KIWIFRUIT","CHEMICAL, FUNGICIDE","CHEMICAL, FUNGICIDE: (TOTAL)","20,100","","","","","","","","43",""
"SURVEY","2017","YEAR","","REGION : MULTI-STATE","","","","","","","","PROGRAM STATES","00000000","","KIWIFRUIT","CHEMICAL, HERBICIDE","CHEMICAL, HERBICIDE: (CARFENTRAZONE-ETHYL = 128712)"," (D)",""," (D)",""," (D)",""," (D)",""," (D)",""
"SURVEY","2017","YEAR","","REGION : MULTI-STATE","","","","","","","","PROGRAM STATES","00000000","","KIWIFRUIT","CHEMICAL, HERBICIDE","CHEMICAL, HERBICIDE: (GLYPHOSATE ISO. SALT = 103601)","500","","0.701","","1.111","","1.6","","9",""
"SURVEY","2017","YEAR","","REGION : MULTI-STATE","","","","","","","","PROGRAM STATES","00000000","","KIWIFRUIT","CHEMICAL, HERBICIDE","CHEMICAL, HERBICIDE: (GLYPHOSATE POT. SALT = 103613)"," (D)",""," (D)",""," (D)",""," (D)",""," (D)",""
"SURVEY","2017","YEAR","","REGION : MULTI-STATE","","","","","","","","PROGRAM STATES","00000000","","KIWIFRUIT","CHEMICAL, HERBICIDE","CHEMICAL, HERBICIDE: (ISOXABEN = 125851)"," (D)",""," (D)",""," (D)",""," (D)",""," (D)",""
"SURVEY","2017","YEAR","","REGION : MULTI-STATE","","","","","","","","PROGRAM STATES","00000000","","KIWIFRUIT","CHEMICAL, HERBICIDE","CHEMICAL, HERBICIDE: (ORYZALIN = 104201)","900","","2.913","","3.326","","1.1","","6",""
"SURVEY","2017","YEAR","","REGION : MULTI-STATE","","","","","","","","PROGRAM STATES","00000000","","KIWIFRUIT","CHEMICAL, HERBICIDE","CHEMICAL, HERBICIDE: (OXYFLUORFEN = 111601)","200","","1.457","","1.458","","1","","3",""
"SURVEY","2017","YEAR","","REGION : MULTI-STATE","","","","","","","","PROGRAM STATES","00000000","","KIWIFRUIT","CHEMICAL, HERBICIDE","CHEMICAL, HERBICIDE: (PARAQUAT = 61601)","1,800","","3.106","","7.989","","2.6","","5",""
"SURVEY","2017","YEAR","","REGION : MULTI-STATE","","","","","","","","PROGRAM STATES","00000000","","KIWIFRUIT","CHEMICAL, HERBICIDE","CHEMICAL, HERBICIDE: (PYRAFLUFEN-ETHYL = 30090)"," (D)",""," (D)",""," (D)",""," (D)",""," (D)",""
"SURVEY","2017","YEAR","","REGION : MULTI-STATE","","","","","","","","PROGRAM STATES","00000000","","KIWIFRUIT","CHEMICAL, HERBICIDE","CHEMICAL, HERBICIDE: (TOTAL)","4,900","","","","","","","","37",""
"SURVEY","2017","YEAR","","REGION : MULTI-STATE","","","","","","","","PROGRAM STATES","00000000","","KIWIFRUIT","CHEMICAL, INSECTICIDE","CHEMICAL, INSECTICIDE: (AZADIRACHTIN = 121701)"," (D)",""," (D)",""," (D)",""," (D)",""," (D)",""
"SURVEY","2017","YEAR","","REGION : MULTI-STATE","","","","","","","","PROGRAM STATES","00000000","","KIWIFRUIT","CHEMICAL, INSECTICIDE","CHEMICAL, INSECTICIDE: (BT KURSTAK ABTS-1857 = 6523)"," (NA)",""," (NA)",""," (NA)",""," (D)",""," (D)",""
"SURVEY","2017","YEAR","","REGION : MULTI-STATE","","","","","","","","PROGRAM STATES","00000000","","KIWIFRUIT","CHEMICAL, INSECTICIDE","CHEMICAL, INSECTICIDE: (BT KURSTAKI ABTS-351 = 6522)"," (NA)",""," (NA)",""," (NA)",""," (D)",""," (D)",""
"SURVEY","2017","YEAR","","REGION : MULTI-STATE","","","","","","","","PROGRAM STATES","00000000","","KIWIFRUIT","CHEMICAL, INSECTICIDE","CHEMICAL, INSECTICIDE: (CRYOLITE = 75101)","28,300","","6.844","","15.293","","2.2","","42",""
"SURVEY","2017","YEAR","","REGION : MULTI-STATE","","","","","","","","PROGRAM STATES","00000000","","KIWIFRUIT","CHEMICAL, INSECTICIDE","CHEMICAL, INSECTICIDE: (ESFENVALERATE = 109303)"," (D)",""," (D)",""," (D)",""," (D)",""," (D)",""
"SURVEY","2017","YEAR","","REGION : MULTI-STATE","","","","","","","","PROGRAM STATES","00000000","","KIWIFRUIT","CHEMICAL, INSECTICIDE","CHEMICAL, INSECTICIDE: (MYROTHECIUM VERRUC. = 119204)"," (NA)",""," (NA)",""," (NA)",""," (D)",""," (D)",""
"SURVEY","2017","YEAR","","REGION : MULTI-STATE","","","","","","","","PROGRAM STATES","00000000","","KIWIFRUIT","CHEMICAL, INSECTICIDE","CHEMICAL, INSECTICIDE: (PYRIPROXYFEN = 129032)"," (Z)","","0.108","","0.146","","1.3","","5",""
"SURVEY","2017","YEAR","","REGION : MULTI-STATE","","","","","","","","PROGRAM STATES","00000000","","KIWIFRUIT","CHEMICAL, INSECTICIDE","CHEMICAL, INSECTICIDE: (TOTAL)","28,400","","","","","","","","56",""
"SURVEY","2017","YEAR","","REGION : MULTI-STATE","","","","","","","","PROGRAM STATES","00000000","","KIWIFRUIT","CHEMICAL, OTHER","CHEMICAL, OTHER: (BT KURSTAKI SA-12 = 6518)"," (NA)",""," (NA)",""," (NA)",""," (D)",""," (D)",""
"SURVEY","2017","YEAR","","REGION : MULTI-STATE","","","","","","","","PROGRAM STATES","00000000","","KIWIFRUIT","CHEMICAL, OTHER","CHEMICAL, OTHER: (CYANAMID = 14002)","43,200","","17.487","","22.657","","1.3","","43",""
"SURVEY","2017","YEAR","","REGION : MULTI-STATE","","","","","","","","PROGRAM STATES","00000000","","KIWIFRUIT","CHEMICAL, OTHER","CHEMICAL, OTHER: (E-8-DODECENYL ACETAT = 128907)"," (D)",""," (D)",""," (D)",""," (D)",""," (D)",""
"SURVEY","2017","YEAR","","REGION : MULTI-STATE","","","","","","","","PROGRAM STATES","00000000","","KIWIFRUIT","CHEMICAL, OTHER","CHEMICAL, OTHER: (FORCHLORFENURON = 128819)","1,200","","0.407","","0.504","","1.2","","56",""
"SURVEY","2017","YEAR","","REGION : MULTI-STATE","","","","","","","","PROGRAM STATES","00000000","","KIWIFRUIT","CHEMICAL, OTHER","CHEMICAL, OTHER: (MINERAL OIL = 63502)"," (D)",""," (D)",""," (D)",""," (D)",""," (D)",""
"SURVEY","2017","YEAR","","REGION : MULTI-STATE","","","","","","","","PROGRAM STATES","00000000","","KIWIFRUIT","CHEMICAL, OTHER","CHEMICAL, OTHER: (TOTAL)","61,000","","","","","","","","68",""
"SURVEY","2017","YEAR","","REGION : MULTI-STATE","","","","","","","","PROGRAM STATES","00000000","","KIWIFRUIT","CHEMICAL, OTHER","CHEMICAL, OTHER: (Z-8-DODECANOL = 128908)"," (D)",""," (D)",""," (D)",""," (D)",""," (D)",""
"SURVEY","2017","YEAR","","REGION : MULTI-STATE","","","","","","","","PROGRAM STATES","00000000","","KIWIFRUIT","CHEMICAL, OTHER","CHEMICAL, OTHER: (Z-8-DODECEN ACETATE = 128906)"," (D)",""," (D)",""," (D)",""," (D)",""," (D)",""
"SURVEY","2017","YEAR","","STATE","CALIFORNIA","06","","","","","","","00000000","","KIWIFRUIT","CHEMICAL, FUNGICIDE","CHEMICAL, FUNGICIDE: (COPPER HYDROXIDE = 23401)"," (D)",""," (D)",""," (D)",""," (D)",""," (D)",""
"SURVEY","2017","YEAR","","STATE","CALIFORNIA","06","","","","","","","00000000","","KIWIFRUIT","CHEMICAL, FUNGICIDE","CHEMICAL, FUNGICIDE: (CYPRODINIL = 288202)"," (D)",""," (D)",""," (D)",""," (D)",""," (D)",""
"SURVEY","2017","YEAR","","STATE","CALIFORNIA","06","","","","","","","00000000","","KIWIFRUIT","CHEMICAL, FUNGICIDE","CHEMICAL, FUNGICIDE: (MEFENOXAM = 113502)"," (D)",""," (D)",""," (D)",""," (D)",""," (D)",""
"SURVEY","2017","YEAR","","STATE","CALIFORNIA","06","","","","","","","00000000","","KIWIFRUIT","CHEMICAL, FUNGICIDE","CHEMICAL, FUNGICIDE: (MONO-POTASSIUM SALT = 76416)"," (D)",""," (D)",""," (D)",""," (D)",""," (D)",""
"SURVEY","2017","YEAR","","STATE","CALIFORNIA","06","","","","","","","00000000","","KIWIFRUIT","CHEMICAL, FUNGICIDE","CHEMICAL, FUNGICIDE: (TOTAL)","20,100","","","","","","","","43",""
"SURVEY","2017","YEAR","","STATE","CALIFORNIA","06","","","","","","","00000000","","KIWIFRUIT","CHEMICAL, HERBICIDE","CHEMICAL, HERBICIDE: (CARFENTRAZONE-ETHYL = 128712)"," (D)",""," (D)",""," (D)",""," (D)",""," (D)",""
"SURVEY","2017","YEAR","","STATE","CALIFORNIA","06","","","","","","","00000000","","KIWIFRUIT","CHEMICAL, HERBICIDE","CHEMICAL, HERBICIDE: (GLYPHOSATE ISO. SALT = 103601)","500","","0.701","","1.111","","1.6","","9",""
"SURVEY","2017","YEAR","","STATE","CALIFORNIA","06","","","","","","","00000000","","KIWIFRUIT","CHEMICAL, HERBICIDE","CHEMICAL, HERBICIDE: (GLYPHOSATE POT. SALT = 103613)"," (D)",""," (D)",""," (D)",""," (D)",""," (D)",""
"SURVEY","2017","YEAR","","STATE","CALIFORNIA","06","","","","","","","00000000","","KIWIFRUIT","CHEMICAL, HERBICIDE","CHEMICAL, HERBICIDE: (ISOXABEN = 125851)"," (D)",""," (D)",""," (D)",""," (D)",""," (D)",""
"SURVEY","2017","YEAR","","STATE","CALIFORNIA","06","","","","","","","00000000","","KIWIFRUIT","CHEMICAL, HERBICIDE","CHEMICAL, HERBICIDE: (ORYZALIN = 104201)","900","","2.913","","3.326","","1.1","","6",""
"SURVEY","2017","YEAR","","STATE","CALIFORNIA","06","","","","","","","00000000","","KIWIFRUIT","CHEMICAL, HERBICIDE","CHEMICAL, HERBICIDE: (OXYFLUORFEN = 111601)","200","","1.457","","1.458","","1","","3",""
"SURVEY","2017","YEAR","","STATE","CALIFORNIA","06","","","","","","","00000000","","KIWIFRUIT","CHEMICAL, HERBICIDE","CHEMICAL, HERBICIDE: (PARAQUAT = 61601)","1,800","","3.106","","7.989","","2.6","","5",""
"SURVEY","2017","YEAR","","STATE","CALIFORNIA","06","","","","","","","00000000","","KIWIFRUIT","CHEMICAL, HERBICIDE","CHEMICAL, HERBICIDE: (PYRAFLUFEN-ETHYL = 30090)"," (D)",""," (D)",""," (D)",""," (D)",""," (D)",""
"SURVEY","2017","YEAR","","STATE","CALIFORNIA","06","","","","","","","00000000","","KIWIFRUIT","CHEMICAL, HERBICIDE","CHEMICAL, HERBICIDE: (TOTAL)","4,900","","","","","","","","37",""
"SURVEY","2017","YEAR","","STATE","CALIFORNIA","06","","","","","","","00000000","","KIWIFRUIT","CHEMICAL, INSECTICIDE","CHEMICAL, INSECTICIDE: (AZADIRACHTIN = 121701)"," (D)",""," (D)",""," (D)",""," (D)",""," (D)",""
"SURVEY","2017","YEAR","","STATE","CALIFORNIA","06","","","","","","","00000000","","KIWIFRUIT","CHEMICAL, INSECTICIDE","CHEMICAL, INSECTICIDE: (BT KURSTAK ABTS-1857 = 6523)"," (NA)",""," (NA)",""," (NA)",""," (D)",""," (D)",""
"SURVEY","2017","YEAR","","STATE","CALIFORNIA","06","","","","","","","00000000","","KIWIFRUIT","CHEMICAL, INSECTICIDE","CHEMICAL, INSECTICIDE: (BT KURSTAKI ABTS-351 = 6522)"," (NA)",""," (NA)",""," (NA)",""," (D)",""," (D)",""
"SURVEY","2017","YEAR","","STATE","CALIFORNIA","06","","","","","","","00000000","","KIWIFRUIT","CHEMICAL, INSECTICIDE","CHEMICAL, INSECTICIDE: (CRYOLITE = 75101)","28,300","","6.844","","15.293","","2.2","","42",""
"SURVEY","2017","YEAR","","STATE","CALIFORNIA","06","","","","","","","00000000","","KIWIFRUIT","CHEMICAL, INSECTICIDE","CHEMICAL, INSECTICIDE: (ESFENVALERATE = 109303)"," (D)",""," (D)",""," (D)",""," (D)",""," (D)",""
"SURVEY","2017","YEAR","","STATE","CALIFORNIA","06","","","","","","","00000000","","KIWIFRUIT","CHEMICAL, INSECTICIDE","CHEMICAL, INSECTICIDE: (MYROTHECIUM VERRUC. = 119204)"," (NA)",""," (NA)",""," (NA)",""," (D)",""," (D)",""
"SURVEY","2017","YEAR","","STATE","CALIFORNIA","06","","","","","","","00000000","","KIWIFRUIT","CHEMICAL, INSECTICIDE","CHEMICAL, INSECTICIDE: (PYRIPROXYFEN = 129032)"," (Z)","","0.108","","0.146","","1.3","","5",""
"SURVEY","2017","YEAR","","STATE","CALIFORNIA","06","","","","","","","00000000","","KIWIFRUIT","CHEMICAL, INSECTICIDE","CHEMICAL, INSECTICIDE: (TOTAL)","28,400","","","","","","","","56",""
"SURVEY","2017","YEAR","","STATE","CALIFORNIA","06","","","","","","","00000000","","KIWIFRUIT","CHEMICAL, OTHER","CHEMICAL, OTHER: (BT KURSTAKI SA-12 = 6518)"," (NA)",""," (NA)",""," (NA)",""," (D)",""," (D)",""
"SURVEY","2017","YEAR","","STATE","CALIFORNIA","06","","","","","","","00000000","","KIWIFRUIT","CHEMICAL, OTHER","CHEMICAL, OTHER: (CYANAMID = 14002)","43,200","","17.487","","22.657","","1.3","","43",""
"SURVEY","2017","YEAR","","STATE","CALIFORNIA","06","","","","","","","00000000","","KIWIFRUIT","CHEMICAL, OTHER","CHEMICAL, OTHER: (E-8-DODECENYL ACETAT = 128907)"," (D)",""," (D)",""," (D)",""," (D)",""," (D)",""
"SURVEY","2017","YEAR","","STATE","CALIFORNIA","06","","","","","","","00000000","","KIWIFRUIT","CHEMICAL, OTHER","CHEMICAL, OTHER: (FORCHLORFENURON = 128819)","1,200","","0.407","","0.504","","1.2","","56",""
"SURVEY","2017","YEAR","","STATE","CALIFORNIA","06","","","","","","","00000000","","KIWIFRUIT","CHEMICAL, OTHER","CHEMICAL, OTHER: (MINERAL OIL = 63502)"," (D)",""," (D)",""," (D)",""," (D)",""," (D)",""
"SURVEY","2017","YEAR","","STATE","CALIFORNIA","06","","","","","","","00000000","","KIWIFRUIT","CHEMICAL, OTHER","CHEMICAL, OTHER: (TOTAL)","61,000","","","","","","","","68",""
"SURVEY","2017","YEAR","","STATE","CALIFORNIA","06","","","","","","","00000000","","KIWIFRUIT","CHEMICAL, OTHER","CHEMICAL, OTHER: (Z-8-DODECANOL = 128908)"," (D)",""," (D)",""," (D)",""," (D)",""," (D)",""
"SURVEY","2017","YEAR","","STATE","CALIFORNIA","06","","","","","","","00000000","","KIWIFRUIT","CHEMICAL, OTHER","CHEMICAL, OTHER: (Z-8-DODECEN ACETATE = 128906)"," (D)",""," (D)",""," (D)",""," (D)",""," (D)",""
"SURVEY","2015","YEAR","","REGION : MULTI-STATE","","","","","","","","PROGRAM STATES","00000000","","KIWIFRUIT","CHEMICAL, FUNGICIDE","CHEMICAL, FUNGICIDE: (CYPRODINIL = 288202)"," (D)",""," (D)",""," (D)",""," (D)",""," (D)",""
"SURVEY","2015","YEAR","","REGION : MULTI-STATE","","","","","","","","PROGRAM STATES","00000000","","KIWIFRUIT","CHEMICAL, FUNGICIDE","CHEMICAL, FUNGICIDE: (TOTAL)"," (D)","","","","","","",""," (D)",""
"SURVEY","2015","YEAR","","REGION : MULTI-STATE","","","","","","","","PROGRAM STATES","00000000","","KIWIFRUIT","CHEMICAL, HERBICIDE","CHEMICAL, HERBICIDE: (CARFENTRAZONE-ETHYL = 128712)"," (D)",""," (D)",""," (D)",""," (D)",""," (D)",""
"SURVEY","2015","YEAR","","REGION : MULTI-STATE","","","","","","","","PROGRAM STATES","00000000","","KIWIFRUIT","CHEMICAL, HERBICIDE","CHEMICAL, HERBICIDE: (GLUFOSINATE-AMMONIUM = 128850)"," (D)",""," (D)",""," (D)",""," (D)",""," (D)",""
"SURVEY","2015","YEAR","","REGION : MULTI-STATE","","","","","","","","PROGRAM STATES","00000000","","KIWIFRUIT","CHEMICAL, HERBICIDE","CHEMICAL, HERBICIDE: (GLYPHOSATE ISO. SALT = 103601)","1,500","","1.687","","2.831","","1.7","","13",""
"SURVEY","2015","YEAR","","REGION : MULTI-STATE","","","","","","","","PROGRAM STATES","00000000","","KIWIFRUIT","CHEMICAL, HERBICIDE","CHEMICAL, HERBICIDE: (GLYPHOSATE POT. SALT = 103613)"," (D)",""," (D)",""," (D)",""," (D)",""," (D)",""
"SURVEY","2015","YEAR","","REGION : MULTI-STATE","","","","","","","","PROGRAM STATES","00000000","","KIWIFRUIT","CHEMICAL, HERBICIDE","CHEMICAL, HERBICIDE: (ORYZALIN = 104201)","2,800","","3.536","","4.507","","1.3","","15",""
"SURVEY","2015","YEAR","","REGION : MULTI-STATE","","","","","","","","PROGRAM STATES","00000000","","KIWIFRUIT","CHEMICAL, HERBICIDE","CHEMICAL, HERBICIDE: (OXYFLUORFEN = 111601)","2,100","","1.216","","1.474","","1.2","","35",""
"SURVEY","2015","YEAR","","REGION : MULTI-STATE","","","","","","","","PROGRAM STATES","00000000","","KIWIFRUIT","CHEMICAL, HERBICIDE","CHEMICAL, HERBICIDE: (PARAQUAT = 61601)"," (D)",""," (D)",""," (D)",""," (D)",""," (D)",""
"SURVEY","2015","YEAR","","REGION : MULTI-STATE","","","","","","","","PROGRAM STATES","00000000","","KIWIFRUIT","CHEMICAL, HERBICIDE","CHEMICAL, HERBICIDE: (RIMSULFURON = 129009)"," (D)",""," (D)",""," (D)",""," (D)",""," (D)",""
"SURVEY","2015","YEAR","","REGION : MULTI-STATE","","","","","","","","PROGRAM STATES","00000000","","KIWIFRUIT","CHEMICAL, HERBICIDE","CHEMICAL, HERBICIDE: (TOTAL)","24,600","","","","","","","","50",""
"SURVEY","2015","YEAR","","REGION : MULTI-STATE","","","","","","","","PROGRAM STATES","00000000","","KIWIFRUIT","CHEMICAL, INSECTICIDE","CHEMICAL, INSECTICIDE: (ESFENVALERATE = 109303)"," (D)",""," (D)",""," (D)",""," (D)",""," (D)",""
"SURVEY","2015","YEAR","","REGION : MULTI-STATE","","","","","","","","PROGRAM STATES","00000000","","KIWIFRUIT","CHEMICAL, INSECTICIDE","CHEMICAL, INSECTICIDE: (FERRIC SODIUM EDTA = 139114)"," (D)",""," (D)",""," (D)",""," (D)",""," (D)",""
"SURVEY","2015","YEAR","","REGION : MULTI-STATE","","","","","","","","PROGRAM STATES","00000000","","KIWIFRUIT","CHEMICAL, INSECTICIDE","CHEMICAL, INSECTICIDE: (PYRIPROXYFEN = 129032)"," (D)",""," (D)",""," (D)",""," (D)",""," (D)",""
"SURVEY","2015","YEAR","","REGION : MULTI-STATE","","","","","","","","PROGRAM STATES","00000000","","KIWIFRUIT","CHEMICAL, INSECTICIDE","CHEMICAL, INSECTICIDE: (TOTAL)","200","","","","","","","","12",""
"SURVEY","2015","YEAR","","REGION : MULTI-STATE","","","","","","","","PROGRAM STATES","00000000","","KIWIFRUIT","CHEMICAL, OTHER","CHEMICAL, OTHER: (CAPRIC ACID = 128955)"," (D)",""," (D)",""," (D)",""," (D)",""," (D)",""
"SURVEY","2015","YEAR","","REGION : MULTI-STATE","","","","","","","","PROGRAM STATES","00000000","","KIWIFRUIT","CHEMICAL, OTHER","CHEMICAL, OTHER: (CAPRYLIC ACID = 128919)"," (D)",""," (D)",""," (D)",""," (D)",""," (D)",""
"SURVEY","2015","YEAR","","REGION : MULTI-STATE","","","","","","","","PROGRAM STATES","00000000","","KIWIFRUIT","CHEMICAL, OTHER","CHEMICAL, OTHER: (CYANAMID = 14002)","41,800","","17.629","","26.352","","1.5","","40",""
"SURVEY","2015","YEAR","","REGION : MULTI-STATE","","","","","","","","PROGRAM STATES","00000000","","KIWIFRUIT","CHEMICAL, OTHER","CHEMICAL, OTHER: (E-8-DODECENYL ACETAT = 128907)"," (D)",""," (D)",""," (D)",""," (D)",""," (D)",""
"SURVEY","2015","YEAR","","REGION : MULTI-STATE","","","","","","","","PROGRAM STATES","00000000","","KIWIFRUIT","CHEMICAL, OTHER","CHEMICAL, OTHER: (FORCHLORFENURON = 128819)","800","","0.395","","0.544","","1.4","","37",""
"SURVEY","2015","YEAR","","REGION : MULTI-STATE","","","","","","","","PROGRAM STATES","00000000","","KIWIFRUIT","CHEMICAL, OTHER","CHEMICAL, OTHER: (IRON PHOSPHATE = 34903)"," (D)",""," (D)",""," (D)",""," (D)",""," (D)",""
"SURVEY","2015","YEAR","","REGION : MULTI-STATE","","","","","","","","PROGRAM STATES","00000000","","KIWIFRUIT","CHEMICAL, OTHER","CHEMICAL, OTHER: (MINERAL OIL = 63502)"," (D)",""," (D)",""," (D)",""," (D)",""," (D)",""
"SURVEY","2015","YEAR","","REGION : MULTI-STATE","","","","","","","","PROGRAM STATES","00000000","","KIWIFRUIT","CHEMICAL, OTHER","CHEMICAL, OTHER: (TOTAL)","53,600","","","","","","","","59",""
"SURVEY","2015","YEAR","","REGION : MULTI-STATE","","","","","","","","PROGRAM STATES","00000000","","KIWIFRUIT","CHEMICAL, OTHER","CHEMICAL, OTHER: (Z-8-DODECANOL = 128908)"," (D)",""," (D)",""," (D)",""," (D)",""," (D)",""
"SURVEY","2015","YEAR","","REGION : MULTI-STATE","","","","","","","","PROGRAM STATES","00000000","","KIWIFRUIT","CHEMICAL, OTHER","CHEMICAL, OTHER: (Z-8-DODECEN ACETATE = 128906)"," (D)",""," (D)",""," (D)",""," (D)",""," (D)",""
"SURVEY","2015","YEAR","","STATE","CALIFORNIA","06","","","","","","","00000000","","KIWIFRUIT","CHEMICAL, FUNGICIDE","CHEMICAL, FUNGICIDE: (CYPRODINIL = 288202)"," (D)",""," (D)",""," (D)",""," (D)",""," (D)",""
"SURVEY","2015","YEAR","","STATE","CALIFORNIA","06","","","","","","","00000000","","KIWIFRUIT","CHEMICAL, FUNGICIDE","CHEMICAL, FUNGICIDE: (TOTAL)"," (D)","","","","","","",""," (D)",""
"SURVEY","2015","YEAR","","STATE","CALIFORNIA","06","","","","","","","00000000","","KIWIFRUIT","CHEMICAL, HERBICIDE","CHEMICAL, HERBICIDE: (CARFENTRAZONE-ETHYL = 128712)"," (D)",""," (D)",""," (D)",""," (D)",""," (D)",""
"SURVEY","2015","YEAR","","STATE","CALIFORNIA","06","","","","","","","00000000","","KIWIFRUIT","CHEMICAL, HERBICIDE","CHEMICAL, HERBICIDE: (GLUFOSINATE-AMMONIUM = 128850)"," (D)",""," (D)",""," (D)",""," (D)",""," (D)",""
"SURVEY","2015","YEAR","","STATE","CALIFORNIA","06","","","","","","","00000000","","KIWIFRUIT","CHEMICAL, HERBICIDE","CHEMICAL, HERBICIDE: (GLYPHOSATE ISO. SALT = 103601)","1,500","","1.687","","2.831","","1.7","","13",""
"SURVEY","2015","YEAR","","STATE","CALIFORNIA","06","","","","","","","00000000","","KIWIFRUIT","CHEMICAL, HERBICIDE","CHEMICAL, HERBICIDE: (GLYPHOSATE POT. SALT = 103613)"," (D)",""," (D)",""," (D)",""," (D)",""," (D)",""
"SURVEY","2015","YEAR","","STATE","CALIFORNIA","06","","","","","","","00000000","","KIWIFRUIT","CHEMICAL, HERBICIDE","CHEMICAL, HERBICIDE: (ORYZALIN = 104201)","2,800","","3.536","","4.507","","1.3","","15",""
"SURVEY","2015","YEAR","","STATE","CALIFORNIA","06","","","","","","","00000000","","KIWIFRUIT","CHEMICAL, HERBICIDE","CHEMICAL, HERBICIDE: (OXYFLUORFEN = 111601)","2,100","","1.216","","1.474","","1.2","","35",""
"SURVEY","2015","YEAR","","STATE","CALIFORNIA","06","","","","","","","00000000","","KIWIFRUIT","CHEMICAL, HERBICIDE","CHEMICAL, HERBICIDE: (PARAQUAT = 61601)"," (D)",""," (D)",""," (D)",""," (D)",""," (D)",""
"SURVEY","2015","YEAR","","STATE","CALIFORNIA","06","","","","","","","00000000","","KIWIFRUIT","CHEMICAL, HERBICIDE","CHEMICAL, HERBICIDE: (RIMSULFURON = 129009)"," (D)",""," (D)",""," (D)",""," (D)",""," (D)",""
"SURVEY","2015","YEAR","","STATE","CALIFORNIA","06","","","","","","","00000000","","KIWIFRUIT","CHEMICAL, HERBICIDE","CHEMICAL, HERBICIDE: (TOTAL)","24,600","","","","","","","","50",""
"SURVEY","2015","YEAR","","STATE","CALIFORNIA","06","","","","","","","00000000","","KIWIFRUIT","CHEMICAL, INSECTICIDE","CHEMICAL, INSECTICIDE: (ESFENVALERATE = 109303)"," (D)",""," (D)",""," (D)",""," (D)",""," (D)",""
"SURVEY","2015","YEAR","","STATE","CALIFORNIA","06","","","","","","","00000000","","KIWIFRUIT","CHEMICAL, INSECTICIDE","CHEMICAL, INSECTICIDE: (FERRIC SODIUM EDTA = 139114)"," (D)",""," (D)",""," (D)",""," (D)",""," (D)",""
"SURVEY","2015","YEAR","","STATE","CALIFORNIA","06","","","","","","","00000000","","KIWIFRUIT","CHEMICAL, INSECTICIDE","CHEMICAL, INSECTICIDE: (PYRIPROXYFEN = 129032)"," (D)",""," (D)",""," (D)",""," (D)",""," (D)",""
"SURVEY","2015","YEAR","","STATE","CALIFORNIA","06","","","","","","","00000000","","KIWIFRUIT","CHEMICAL, INSECTICIDE","CHEMICAL, INSECTICIDE: (TOTAL)","200","","","","","","","","12",""
"SURVEY","2015","YEAR","","STATE","CALIFORNIA","06","","","","","","","00000000","","KIWIFRUIT","CHEMICAL, OTHER","CHEMICAL, OTHER: (CAPRIC ACID = 128955)"," (D)",""," (D)",""," (D)",""," (D)",""," (D)",""
"SURVEY","2015","YEAR","","STATE","CALIFORNIA","06","","","","","","","00000000","","KIWIFRUIT","CHEMICAL, OTHER","CHEMICAL, OTHER: (CAPRYLIC ACID = 128919)"," (D)",""," (D)",""," (D)",""," (D)",""," (D)",""
"SURVEY","2015","YEAR","","STATE","CALIFORNIA","06","","","","","","","00000000","","KIWIFRUIT","CHEMICAL, OTHER","CHEMICAL, OTHER: (CYANAMID = 14002)","41,800","","17.629","","26.352","","1.5","","40",""
"SURVEY","2015","YEAR","","STATE","CALIFORNIA","06","","","","","","","00000000","","KIWIFRUIT","CHEMICAL, OTHER","CHEMICAL, OTHER: (E-8-DODECENYL ACETAT = 128907)"," (D)",""," (D)",""," (D)",""," (D)",""," (D)",""
"SURVEY","2015","YEAR","","STATE","CALIFORNIA","06","","","","","","","00000000","","KIWIFRUIT","CHEMICAL, OTHER","CHEMICAL, OTHER: (FORCHLORFENURON = 128819)","800","","0.395","","0.544","","1.4","","37",""
"SURVEY","2015","YEAR","","STATE","CALIFORNIA","06","","","","","","","00000000","","KIWIFRUIT","CHEMICAL, OTHER","CHEMICAL, OTHER: (IRON PHOSPHATE = 34903)"," (D)",""," (D)",""," (D)",""," (D)",""," (D)",""
"SURVEY","2015","YEAR","","STATE","CALIFORNIA","06","","","","","","","00000000","","KIWIFRUIT","CHEMICAL, OTHER","CHEMICAL, OTHER: (MINERAL OIL = 63502)"," (D)",""," (D)",""," (D)",""," (D)",""," (D)",""
"SURVEY","2015","YEAR","","STATE","CALIFORNIA","06","","","","","","","00000000","","KIWIFRUIT","CHEMICAL, OTHER","CHEMICAL, OTHER: (TOTAL)","53,600","","","","","","","","59",""
"SURVEY","2015","YEAR","","STATE","CALIFORNIA","06","","","","","","","00000000","","KIWIFRUIT","CHEMICAL, OTHER","CHEMICAL, OTHER: (Z-8-DODECANOL = 128908)"," (D)",""," (D)",""," (D)",""," (D)",""," (D)",""
"SURVEY","2015","YEAR","","STATE","CALIFORNIA","06","","","","","","","00000000","","KIWIFRUIT","CHEMICAL, OTHER","CHEMICAL, OTHER: (Z-8-DODECEN ACETATE = 128906)"," (D)",""," (D)",""," (D)",""," (D)",""," (D)",""
"SURVEY","2011","YEAR","","REGION : MULTI-STATE","","","","","","","","PROGRAM STATES","00000000","","KIWIFRUIT","CHEMICAL, FUNGICIDE","CHEMICAL, FUNGICIDE: (COPPER HYDROXIDE = 23401)"," (D)",""," (D)",""," (D)",""," (D)",""," (D)",""
"SURVEY","2011","YEAR","","REGION : MULTI-STATE","","","","","","","","PROGRAM STATES","00000000","","KIWIFRUIT","CHEMICAL, FUNGICIDE","CHEMICAL, FUNGICIDE: (CYPRODINIL = 288202)"," (D)",""," (D)",""," (D)",""," (D)",""," (D)",""
"SURVEY","2011","YEAR","","REGION : MULTI-STATE","","","","","","","","PROGRAM STATES","00000000","","KIWIFRUIT","CHEMICAL, FUNGICIDE","CHEMICAL, FUNGICIDE: (TOTAL)"," (D)","","","","","","",""," (D)",""
"SURVEY","2011","YEAR","","REGION : MULTI-STATE","","","","","","","","PROGRAM STATES","00000000","","KIWIFRUIT","CHEMICAL, HERBICIDE","CHEMICAL, HERBICIDE: (CARFENTRAZONE-ETHYL = 128712)"," (D)",""," (D)",""," (D)",""," (D)",""," (D)",""
"SURVEY","2011","YEAR","","REGION : MULTI-STATE","","","","","","","","PROGRAM STATES","00000000","","KIWIFRUIT","CHEMICAL, HERBICIDE","CHEMICAL, HERBICIDE: (FLUMIOXAZIN = 129034)"," (D)",""," (D)",""," (D)",""," (D)",""," (D)",""
"SURVEY","2011","YEAR","","REGION : MULTI-STATE","","","","","","","","PROGRAM STATES","00000000","","KIWIFRUIT","CHEMICAL, HERBICIDE","CHEMICAL, HERBICIDE: (GLYPHOSATE ISO. SALT = 103601)","1,600","","1.309","","2.069","","1.6","","19",""
"SURVEY","2011","YEAR","","REGION : MULTI-STATE","","","","","","","","PROGRAM STATES","00000000","","KIWIFRUIT","CHEMICAL, HERBICIDE","CHEMICAL, HERBICIDE: (GLYPHOSATE POT. SALT = 103613)"," (D)",""," (D)",""," (D)",""," (D)",""," (D)",""
"SURVEY","2011","YEAR","","REGION : MULTI-STATE","","","","","","","","PROGRAM STATES","00000000","","KIWIFRUIT","CHEMICAL, HERBICIDE","CHEMICAL, HERBICIDE: (ORYZALIN = 104201)"," (D)",""," (D)",""," (D)",""," (D)",""," (D)",""
"SURVEY","2011","YEAR","","REGION : MULTI-STATE","","","","","","","","PROGRAM STATES","00000000","","KIWIFRUIT","CHEMICAL, HERBICIDE","CHEMICAL, HERBICIDE: (OXYFLUORFEN = 111601)","500","","0.664","","0.924","","1.4","","13",""
"SURVEY","2011","YEAR","","REGION : MULTI-STATE","","","","","","","","PROGRAM STATES","00000000","","KIWIFRUIT","CHEMICAL, HERBICIDE","CHEMICAL, HERBICIDE: (PARAQUAT = 61601)"," (D)",""," (D)",""," (D)",""," (D)",""," (D)",""
"SURVEY","2011","YEAR","","REGION : MULTI-STATE","","","","","","","","PROGRAM STATES","00000000","","KIWIFRUIT","CHEMICAL, HERBICIDE","CHEMICAL, HERBICIDE: (TOTAL)","3,100","","","","","","","","26",""
"SURVEY","2011","YEAR","","REGION : MULTI-STATE","","","","","","","","PROGRAM STATES","00000000","","KIWIFRUIT","CHEMICAL, INSECTICIDE","CHEMICAL, INSECTICIDE: (BT KURSTAKI ABTS-351 = 6522)"," (NA)",""," (NA)",""," (NA)",""," (D)",""," (D)",""
"SURVEY","2011","YEAR","","REGION : MULTI-STATE","","","","","","","","PROGRAM STATES","00000000","","KIWIFRUIT","CHEMICAL, INSECTICIDE","CHEMICAL, INSECTICIDE: (METHIDATHION = 100301)"," (D)",""," (D)",""," (D)",""," (D)",""," (D)",""
"SURVEY","2011","YEAR","","REGION : MULTI-STATE","","","","","","","","PROGRAM STATES","00000000","","KIWIFRUIT","CHEMICAL, INSECTICIDE","CHEMICAL, INSECTICIDE: (TOTAL)"," (D)","","","","","","",""," (D)",""
"SURVEY","2011","YEAR","","REGION : MULTI-STATE","","","","","","","","PROGRAM STATES","00000000","","KIWIFRUIT","CHEMICAL, OTHER","CHEMICAL, OTHER: (CYANAMID = 14002)"," (D)",""," (D)",""," (D)",""," (D)",""," (D)",""
"SURVEY","2011","YEAR","","REGION : MULTI-STATE","","","","","","","","PROGRAM STATES","00000000","","KIWIFRUIT","CHEMICAL, OTHER","CHEMICAL, OTHER: (FORCHLORFENURON = 128819)"," (D)",""," (D)",""," (D)",""," (D)",""," (D)",""
"SURVEY","2011","YEAR","","REGION : MULTI-STATE","","","","","","","","PROGRAM STATES","00000000","","KIWIFRUIT","CHEMICAL, OTHER","CHEMICAL, OTHER: (MINERAL OIL = 63502)"," (D)",""," (D)",""," (D)",""," (D)",""," (D)",""
"SURVEY","2011","YEAR","","REGION : MULTI-STATE","","","","","","","","PROGRAM STATES","00000000","","KIWIFRUIT","CHEMICAL, OTHER","CHEMICAL, OTHER: (TOTAL)","10,700","","","","","","","","12",""
"SURVEY","2011","YEAR","","STATE","CALIFORNIA","06","","","","","","","00000000","","KIWIFRUIT","CHEMICAL, FUNGICIDE","CHEMICAL, FUNGICIDE: (COPPER HYDROXIDE = 23401)"," (D)",""," (D)",""," (D)",""," (D)",""," (D)",""
"SURVEY","2011","YEAR","","STATE","CALIFORNIA","06","","","","","","","00000000","","KIWIFRUIT","CHEMICAL, FUNGICIDE","CHEMICAL, FUNGICIDE: (CYPRODINIL = 288202)"," (D)",""," (D)",""," (D)",""," (D)",""," (D)",""
"SURVEY","2011","YEAR","","STATE","CALIFORNIA","06","","","","","","","00000000","","KIWIFRUIT","CHEMICAL, FUNGICIDE","CHEMICAL, FUNGICIDE: (TOTAL)"," (D)","","","","","","",""," (D)",""
"SURVEY","2011","YEAR","","STATE","CALIFORNIA","06","","","","","","","00000000","","KIWIFRUIT","CHEMICAL, HERBICIDE","CHEMICAL, HERBICIDE: (CARFENTRAZONE-ETHYL = 128712)"," (D)",""," (D)",""," (D)",""," (D)",""," (D)",""
"SURVEY","2011","YEAR","","STATE","CALIFORNIA","06","","","","","","","00000000","","KIWIFRUIT","CHEMICAL, HERBICIDE","CHEMICAL, HERBICIDE: (FLUMIOXAZIN = 129034)"," (D)",""," (D)",""," (D)",""," (D)",""," (D)",""
"SURVEY","2011","YEAR","","STATE","CALIFORNIA","06","","","","","","","00000000","","KIWIFRUIT","CHEMICAL, HERBICIDE","CHEMICAL, HERBICIDE: (GLYPHOSATE ISO. SALT = 103601)","1,600","","1.309","","2.069","","1.6","","19",""
"SURVEY","2011","YEAR","","STATE","CALIFORNIA","06","","","","","","","00000000","","KIWIFRUIT","CHEMICAL, HERBICIDE","CHEMICAL, HERBICIDE: (GLYPHOSATE POT. SALT = 103613)"," (D)",""," (D)",""," (D)",""," (D)",""," (D)",""
"SURVEY","2011","YEAR","","STATE","CALIFORNIA","06","","","","","","","00000000","","KIWIFRUIT","CHEMICAL, HERBICIDE","CHEMICAL, HERBICIDE: (ORYZALIN = 104201)"," (D)",""," (D)",""," (D)",""," (D)",""," (D)",""
"SURVEY","2011","YEAR","","STATE","CALIFORNIA","06","","","","","","","00000000","","KIWIFRUIT","CHEMICAL, HERBICIDE","CHEMICAL, HERBICIDE: (OXYFLUORFEN = 111601)","500","","0.664","","0.924","","1.4","","13",""
"SURVEY","2011","YEAR","","STATE","CALIFORNIA","06","","","","","","","00000000","","KIWIFRUIT","CHEMICAL, HERBICIDE","CHEMICAL, HERBICIDE: (PARAQUAT = 61601)"," (D)",""," (D)",""," (D)",""," (D)",""," (D)",""
"SURVEY","2011","YEAR","","STATE","CALIFORNIA","06","","","","","","","00000000","","KIWIFRUIT","CHEMICAL, HERBICIDE","CHEMICAL, HERBICIDE: (TOTAL)","3,100","","","","","","","","26",""
"SURVEY","2011","YEAR","","STATE","CALIFORNIA","06","","","","","","","00000000","","KIWIFRUIT","CHEMICAL, INSECTICIDE","CHEMICAL, INSECTICIDE: (BT KURSTAKI ABTS-351 = 6522)"," (NA)",""," (NA)",""," (NA)",""," (D)",""," (D)",""
"SURVEY","2011","YEAR","","STATE","CALIFORNIA","06","","","","","","","00000000","","KIWIFRUIT","CHEMICAL, INSECTICIDE","CHEMICAL, INSECTICIDE: (METHIDATHION = 100301)"," (D)",""," (D)",""," (D)",""," (D)",""," (D)",""
"SURVEY","2011","YEAR","","STATE","CALIFORNIA","06","","","","","","","00000000","","KIWIFRUIT","CHEMICAL, INSECTICIDE","CHEMICAL, INSECTICIDE: (TOTAL)"," (D)","","","","","","",""," (D)",""
"SURVEY","2011","YEAR","","STATE","CALIFORNIA","06","","","","","","","00000000","","KIWIFRUIT","CHEMICAL, OTHER","CHEMICAL, OTHER: (CYANAMID = 14002)"," (D)",""," (D)",""," (D)",""," (D)",""," (D)",""
"SURVEY","2011","YEAR","","STATE","CALIFORNIA","06","","","","","","","00000000","","KIWIFRUIT","CHEMICAL, OTHER","CHEMICAL, OTHER: (FORCHLORFENURON = 128819)"," (D)",""," (D)",""," (D)",""," (D)",""," (D)",""
"SURVEY","2011","YEAR","","STATE","CALIFORNIA","06","","","","","","","00000000","","KIWIFRUIT","CHEMICAL, OTHER","CHEMICAL, OTHER: (MINERAL OIL = 63502)"," (D)",""," (D)",""," (D)",""," (D)",""," (D)",""
"SURVEY","2011","YEAR","","STATE","CALIFORNIA","06","","","","","","","00000000","","KIWIFRUIT","CHEMICAL, OTHER","CHEMICAL, OTHER: (TOTAL)","10,700","","","","","","","","12",""
"SURVEY","2009","YEAR","","REGION : MULTI-STATE","","","","","","","","PROGRAM STATES","00000000","","KIWIFRUIT","CHEMICAL, HERBICIDE","CHEMICAL, HERBICIDE: (DIURON = 35505)"," (D)",""," (D)",""," (D)",""," (D)",""," (D)",""
"SURVEY","2009","YEAR","","REGION : MULTI-STATE","","","","","","","","PROGRAM STATES","00000000","","KIWIFRUIT","CHEMICAL, HERBICIDE","CHEMICAL, HERBICIDE: (GLYPHOSATE ISO. SALT = 103601)","1,300","","0.731","","0.786","","1.1","","38",""
"SURVEY","2009","YEAR","","REGION : MULTI-STATE","","","","","","","","PROGRAM STATES","00000000","","KIWIFRUIT","CHEMICAL, HERBICIDE","CHEMICAL, HERBICIDE: (ORYZALIN = 104201)"," (D)",""," (D)",""," (D)",""," (D)",""," (D)",""
"SURVEY","2009","YEAR","","REGION : MULTI-STATE","","","","","","","","PROGRAM STATES","00000000","","KIWIFRUIT","CHEMICAL, HERBICIDE","CHEMICAL, HERBICIDE: (OXYFLUORFEN = 111601)"," (D)",""," (D)",""," (D)",""," (D)",""," (D)",""
"SURVEY","2009","YEAR","","REGION : MULTI-STATE","","","","","","","","PROGRAM STATES","00000000","","KIWIFRUIT","CHEMICAL, HERBICIDE","CHEMICAL, HERBICIDE: (PARAQUAT = 61601)"," (D)",""," (D)",""," (D)",""," (D)",""," (D)",""
"SURVEY","2009","YEAR","","REGION : MULTI-STATE","","","","","","","","PROGRAM STATES","00000000","","KIWIFRUIT","CHEMICAL, HERBICIDE","CHEMICAL, HERBICIDE: (TOTAL)","1,800","","","","","","","","41",""
"SURVEY","2009","YEAR","","REGION : MULTI-STATE","","","","","","","","PROGRAM STATES","00000000","","KIWIFRUIT","CHEMICAL, INSECTICIDE","CHEMICAL, INSECTICIDE: (ESFENVALERATE = 109303)"," (D)",""," (D)",""," (D)",""," (D)",""," (D)",""
"SURVEY","2009","YEAR","","REGION : MULTI-STATE","","","","","","","","PROGRAM STATES","00000000","","KIWIFRUIT","CHEMICAL, INSECTICIDE","CHEMICAL, INSECTICIDE: (METHIDATHION = 100301)"," (D)",""," (D)",""," (D)",""," (D)",""," (D)",""
"SURVEY","2009","YEAR","","REGION : MULTI-STATE","","","","","","","","PROGRAM STATES","00000000","","KIWIFRUIT","CHEMICAL, INSECTICIDE","CHEMICAL, INSECTICIDE: (PETROLEUM DISTILLATE = 63503)"," (D)",""," (D)",""," (D)",""," (D)",""," (D)",""
"SURVEY","2009","YEAR","","REGION : MULTI-STATE","","","","","","","","PROGRAM STATES","00000000","","KIWIFRUIT","CHEMICAL, INSECTICIDE","CHEMICAL, INSECTICIDE: (TOTAL)"," (D)","","","","","","",""," (D)",""
"SURVEY","2009","YEAR","","REGION : MULTI-STATE","","","","","","","","PROGRAM STATES","00000000","","KIWIFRUIT","CHEMICAL, OTHER","CHEMICAL, OTHER: (CYANAMID = 14002)"," (D)",""," (D)",""," (D)",""," (D)",""," (D)",""
"SURVEY","2009","YEAR","","REGION : MULTI-STATE","","","","","","","","PROGRAM STATES","00000000","","KIWIFRUIT","CHEMICAL, OTHER","CHEMICAL, OTHER: (STRYCHNINE = 76901)"," (D)",""," (D)",""," (D)",""," (D)",""," (D)",""
"SURVEY","2009","YEAR","","REGION : MULTI-STATE","","","","","","","","PROGRAM STATES","00000000","","KIWIFRUIT","CHEMICAL, OTHER","CHEMICAL, OTHER: (TOTAL)"," (D)","","","","","","",""," (D)",""
"SURVEY","2009","YEAR","","STATE","CALIFORNIA","06","","","","","","","00000000","","KIWIFRUIT","CHEMICAL, HERBICIDE","CHEMICAL, HERBICIDE: (DIURON = 35505)"," (D)",""," (D)",""," (D)",""," (D)",""," (D)",""
"SURVEY","2009","YEAR","","STATE","CALIFORNIA","06","","","","","","","00000000","","KIWIFRUIT","CHEMICAL, HERBICIDE","CHEMICAL, HERBICIDE: (GLYPHOSATE ISO. SALT = 103601)","1,300","","0.731","","0.786","","1.1","","38",""
"SURVEY","2009","YEAR","","STATE","CALIFORNIA","06","","","","","","","00000000","","KIWIFRUIT","CHEMICAL, HERBICIDE","CHEMICAL, HERBICIDE: (ORYZALIN = 104201)"," (D)",""," (D)",""," (D)",""," (D)",""," (D)",""
"SURVEY","2009","YEAR","","STATE","CALIFORNIA","06","","","","","","","00000000","","KIWIFRUIT","CHEMICAL, HERBICIDE","CHEMICAL, HERBICIDE: (OXYFLUORFEN = 111601)"," (D)",""," (D)",""," (D)",""," (D)",""," (D)",""
"SURVEY","2009","YEAR","","STATE","CALIFORNIA","06","","","","","","","00000000","","KIWIFRUIT","CHEMICAL, HERBICIDE","CHEMICAL, HERBICIDE: (PARAQUAT = 61601)"," (D)",""," (D)",""," (D)",""," (D)",""," (D)",""
"SURVEY","2009","YEAR","","STATE","CALIFORNIA","06","","","","","","","00000000","","KIWIFRUIT","CHEMICAL, HERBICIDE","CHEMICAL, HERBICIDE: (TOTAL)","1,800","","","","","","","","41",""
"SURVEY","2009","YEAR","","STATE","CALIFORNIA","06","","","","","","","00000000","","KIWIFRUIT","CHEMICAL, INSECTICIDE","CHEMICAL, INSECTICIDE: (ESFENVALERATE = 109303)"," (D)",""," (D)",""," (D)",""," (D)",""," (D)",""
"SURVEY","2009","YEAR","","STATE","CALIFORNIA","06","","","","","","","00000000","","KIWIFRUIT","CHEMICAL, INSECTICIDE","CHEMICAL, INSECTICIDE: (METHIDATHION = 100301)"," (D)",""," (D)",""," (D)",""," (D)",""," (D)",""
"SURVEY","2009","YEAR","","STATE","CALIFORNIA","06","","","","","","","00000000","","KIWIFRUIT","CHEMICAL, INSECTICIDE","CHEMICAL, INSECTICIDE: (PETROLEUM DISTILLATE = 63503)"," (D)",""," (D)",""," (D)",""," (D)",""," (D)",""
"SURVEY","2009","YEAR","","STATE","CALIFORNIA","06","","","","","","","00000000","","KIWIFRUIT","CHEMICAL, INSECTICIDE","CHEMICAL, INSECTICIDE: (TOTAL)"," (D)","","","","","","",""," (D)",""
"SURVEY","2009","YEAR","","STATE","CALIFORNIA","06","","","","","","","00000000","","KIWIFRUIT","CHEMICAL, OTHER","CHEMICAL, OTHER: (CYANAMID = 14002)"," (D)",""," (D)",""," (D)",""," (D)",""," (D)",""
"SURVEY","2009","YEAR","","STATE","CALIFORNIA","06","","","","","","","00000000","","KIWIFRUIT","CHEMICAL, OTHER","CHEMICAL, OTHER: (STRYCHNINE = 76901)"," (D)",""," (D)",""," (D)",""," (D)",""," (D)",""
"SURVEY","2009","YEAR","","STATE","CALIFORNIA","06","","","","","","","00000000","","KIWIFRUIT","CHEMICAL, OTHER","CHEMICAL, OTHER: (TOTAL)"," (D)","","","","","","",""," (D)",""
"SURVEY","2005","YEAR","","STATE","CALIFORNIA","06","","","","","","","00000000","","KIWIFRUIT","CHEMICAL, HERBICIDE","CHEMICAL, HERBICIDE: (GLYPHOSATE ISO. SALT = 103601)","3,500","","1.12","","2.383","","2.1","","33",""
"SURVEY","2005","YEAR","","STATE","CALIFORNIA","06","","","","","","","00000000","","KIWIFRUIT","CHEMICAL, HERBICIDE","CHEMICAL, HERBICIDE: (OXYFLUORFEN = 111601)","100","","0.388","","0.388","","1","","8",""
"SURVEY","2005","YEAR","","STATE","CALIFORNIA","06","","","","","","","00000000","","KIWIFRUIT","CHEMICAL, HERBICIDE","CHEMICAL, HERBICIDE: (PARAQUAT = 61601)","1,700","","0.751","","1.369","","1.8","","28",""
"SURVEY","2005","YEAR","","STATE","CALIFORNIA","06","","","","","","","00000000","","KIWIFRUIT","CHEMICAL, HERBICIDE","CHEMICAL, HERBICIDE: (TOTAL)","5,400","","","","","","","","44",""
"SURVEY","2005","YEAR","","STATE","CALIFORNIA","06","","","","","","","00000000","","KIWIFRUIT","CHEMICAL, INSECTICIDE","CHEMICAL, INSECTICIDE: (PETROLEUM DISTILLATE = 63503)","26,800","","30.23","","34.552","","1.1","","17",""
"SURVEY","2005","YEAR","","STATE","CALIFORNIA","06","","","","","","","00000000","","KIWIFRUIT","CHEMICAL, INSECTICIDE","CHEMICAL, INSECTICIDE: (TOTAL)","29,900","","","","","","","","26",""
"SURVEY","2003","YEAR","","STATE","CALIFORNIA","06","","","","","","","00000000","","KIWIFRUIT","CHEMICAL, HERBICIDE","CHEMICAL, HERBICIDE: (GLYPHOSATE = 417300)","900","","0.9","","1.2","","1.3","","15",""
"SURVEY","2003","YEAR","","STATE","CALIFORNIA","06","","","","","","","00000000","","KIWIFRUIT","CHEMICAL, HERBICIDE","CHEMICAL, HERBICIDE: (TOTAL)","1,300","","","","","","","","8",""
"SURVEY","2003","YEAR","","STATE","CALIFORNIA","06","","","","","","","00000000","","KIWIFRUIT","CHEMICAL, INSECTICIDE","CHEMICAL, INSECTICIDE: (TOTAL)","19,600","","","","","","","","15",""
"SURVEY","2001","YEAR","","STATE","CALIFORNIA","06","","","","","","","00000000","","KIWIFRUIT","CHEMICAL, HERBICIDE","CHEMICAL, HERBICIDE: (GLYPHOSATE = 417300)","4,100","","0.75","","2.59","","3.4","","28",""
"SURVEY","2001","YEAR","","STATE","CALIFORNIA","06","","","","","","","00000000","","KIWIFRUIT","CHEMICAL, HERBICIDE","CHEMICAL, HERBICIDE: (TOTAL)","5,300","","","","","","","","28",""
"SURVEY","2001","YEAR","","STATE","CALIFORNIA","06","","","","","","","00000000","","KIWIFRUIT","CHEMICAL, INSECTICIDE","CHEMICAL, INSECTICIDE: (TOTAL)","20,200","","","","","","","","19",""
"SURVEY","1999","YEAR","","STATE","CALIFORNIA","06","","","","","","","00000000","","KIWIFRUIT","CHEMICAL, HERBICIDE","CHEMICAL, HERBICIDE: (GLYPHOSATE = 417300)","1,700","","0.92","","1.36","","1.4","","23",""
"SURVEY","1999","YEAR","","STATE","CALIFORNIA","06","","","","","","","00000000","","KIWIFRUIT","CHEMICAL, HERBICIDE","CHEMICAL, HERBICIDE: (ORYZALIN = 104201)","300","","1.69","","1.69","","1","","3",""
"SURVEY","1999","YEAR","","STATE","CALIFORNIA","06","","","","","","","00000000","","KIWIFRUIT","CHEMICAL, HERBICIDE","CHEMICAL, HERBICIDE: (OXYFLUORFEN = 111601)","200","","0.76","","0.76","","1","","4",""
"SURVEY","1999","YEAR","","STATE","CALIFORNIA","06","","","","","","","00000000","","KIWIFRUIT","CHEMICAL, HERBICIDE","CHEMICAL, HERBICIDE: (TOTAL)","2,600","","","","","","","","26",""
"SURVEY","1997","YEAR","","STATE","CALIFORNIA","06","","","","","","","00000000","","KIWIFRUIT","CHEMICAL, FUNGICIDE","CHEMICAL, FUNGICIDE: (TOTAL)","1,200","","","","","","","","15",""
"SURVEY","1997","YEAR","","STATE","CALIFORNIA","06","","","","","","","00000000","","KIWIFRUIT","CHEMICAL, HERBICIDE","CHEMICAL, HERBICIDE: (GLYPHOSATE = 417300)","3,800","","0.74","","1.65","","2.2","","38",""
"SURVEY","1997","YEAR","","STATE","CALIFORNIA","06","","","","","","","00000000","","KIWIFRUIT","CHEMICAL, HERBICIDE","CHEMICAL, HERBICIDE: (ORYZALIN = 104201)","1,100","","2.34","","2.6","","1.1","","7",""
"SURVEY","1997","YEAR","","STATE","CALIFORNIA","06","","","","","","","00000000","","KIWIFRUIT","CHEMICAL, HERBICIDE","CHEMICAL, HERBICIDE: (OXYFLUORFEN = 111601)","100","","0.92","","0.92","","1","","3",""
"SURVEY","1997","YEAR","","STATE","CALIFORNIA","06","","","","","","","00000000","","KIWIFRUIT","CHEMICAL, HERBICIDE","CHEMICAL, HERBICIDE: (TOTAL)","5,000","","","","","","","","41",""
"SURVEY","1997","YEAR","","STATE","CALIFORNIA","06","","","","","","","00000000","","KIWIFRUIT","CHEMICAL, INSECTICIDE","CHEMICAL, INSECTICIDE: (PETROLEUM DISTILLATE = 63503)","34,800","","26.92","","40.42","","1.5","","14",""
"SURVEY","1997","YEAR","","STATE","CALIFORNIA","06","","","","","","","00000000","","KIWIFRUIT","CHEMICAL, INSECTICIDE","CHEMICAL, INSECTICIDE: (TOTAL)","41,200","","","","","","","","20",""
"SURVEY","1995","YEAR","","STATE","CALIFORNIA","06","","","","","","","00000000","","KIWIFRUIT","CHEMICAL, HERBICIDE","CHEMICAL, HERBICIDE: (GLYPHOSATE = 417300)","2,800","","0.59","","1.06","","1.8","","39",""
"SURVEY","1995","YEAR","","STATE","CALIFORNIA","06","","","","","","","00000000","","KIWIFRUIT","CHEMICAL, HERBICIDE","CHEMICAL, HERBICIDE: (ORYZALIN = 104201)","6,200","","2.9","","2.92","","1","","32",""
"SURVEY","1995","YEAR","","STATE","CALIFORNIA","06","","","","","","","00000000","","KIWIFRUIT","CHEMICAL, HERBICIDE","CHEMICAL, HERBICIDE: (OXYFLUORFEN = 111601)","1,900","","1.12","","1.12","","1","","26",""
"SURVEY","1995","YEAR","","STATE","CALIFORNIA","06","","","","","","","00000000","","KIWIFRUIT","CHEMICAL, HERBICIDE","CHEMICAL, HERBICIDE: (PARAQUAT = 61601)","400","","0.88","","1.38","","1.6","","5",""
"SURVEY","1995","YEAR","","STATE","CALIFORNIA","06","","","","","","","00000000","","KIWIFRUIT","CHEMICAL, HERBICIDE","CHEMICAL, HERBICIDE: (TOTAL)","11,700","","","","","","","","65",""
"SURVEY","1995","YEAR","","STATE","CALIFORNIA","06","","","","","","","00000000","","KIWIFRUIT","CHEMICAL, INSECTICIDE","CHEMICAL, INSECTICIDE: (CRYOLITE = 75101)","7,600","","7.99","","18.29","","2.3","","6",""
"SURVEY","1995","YEAR","","STATE","CALIFORNIA","06","","","","","","","00000000","","KIWIFRUIT","CHEMICAL, INSECTICIDE","CHEMICAL, INSECTICIDE: (PETROLEUM DISTILLATE = 63503)","10,000","","26.13","","28.69","","1.1","","5",""
"SURVEY","1995","YEAR","","STATE","CALIFORNIA","06","","","","","","","00000000","","KIWIFRUIT","CHEMICAL, INSECTICIDE","CHEMICAL, INSECTICIDE: (TOTAL)","19,200","","","","","","","","13",""
"SURVEY","1993","YEAR","","STATE","CALIFORNIA","06","","","","","","","00000000","","KIWIFRUIT","CHEMICAL, HERBICIDE","CHEMICAL, HERBICIDE: (GLYPHOSATE = 417300)","3,500","","0.63","","0.97","","1.5","","53",""
"SURVEY","1993","YEAR","","STATE","CALIFORNIA","06","","","","","","","00000000","","KIWIFRUIT","CHEMICAL, HERBICIDE","CHEMICAL, HERBICIDE: (ORYZALIN = 104201)","3,400","","2.99","","2.99","","1","","17",""
"SURVEY","1993","YEAR","","STATE","CALIFORNIA","06","","","","","","","00000000","","KIWIFRUIT","CHEMICAL, HERBICIDE","CHEMICAL, HERBICIDE: (OXYFLUORFEN = 111601)","1,100","","1","","1.19","","1.2","","13",""
"SURVEY","1993","YEAR","","STATE","CALIFORNIA","06","","","","","","","00000000","","KIWIFRUIT","CHEMICAL, HERBICIDE","CHEMICAL, HERBICIDE: (TOTAL)","","","","","","","","","63",""
"SURVEY","1993","YEAR","","STATE","CALIFORNIA","06","","","","","","","00000000","","KIWIFRUIT","CHEMICAL, INSECTICIDE","CHEMICAL, INSECTICIDE: (TOTAL)","","","","","","","","","11",""
